Reese Compton,010-9689-8776,ipsum.suspendisse@aol.edu,Ap #859-1316 Augue St.
Teegan O'donnell,012-6657-8536,maecenas.mi@icloud.couk,"Ap #806-9093 A, Road"
Amy Briggs,010-4830-0498,scelerisque@protonmail.ca,"P.O. Box 911, 9189 Magna. Ave"
Neve Waters,010-4648-5245,fermentum.arcu@hotmail.couk,"P.O. Box 545, 9138 Magna Avenue"
Jerome Finch,012-4797-8815,tristique.pharetra@google.edu,902-2956 Gravida Street
Joshua Albert,010-7828-2735,erat.neque.non@yahoo.edu,5908 Sed St.
Bree Reed,012-1569-2003,nisi.dictum@yahoo.couk,"Ap #477-2367 Non, Ave"
Gloria Harrell,012-2677-7158,diam@icloud.com,Ap #243-8754 Imperdiet Street
Devin Cross,010-3767-5267,nonummy.ipsum@outlook.couk,Ap #643-2218 Aliquet. Ave
Audra Crosby,012-5005-7193,at.velit.pellentesque@icloud.com,5670 Ultrices. Rd.
John Maynard,010-1652-5447,tempor.arcu@protonmail.net,779-1913 Orci Av.
Maile Kline,010-3689-6448,vitae@yahoo.com,Ap #802-4746 Ornare Av.
Slade Mccormick,012-8797-2536,eleifend.cras@yahoo.couk,327-5768 Mattis Avenue
Stephen Gillespie,010-3331-3185,egestas.rhoncus@aol.ca,6891 Venenatis St.
Sophia Meadows,012-7016-7818,egestas.hendrerit.neque@icloud.net,606-6863 Eu St.
Tanner Whitney,012-4373-7216,felis.donec.tempor@yahoo.org,"953-3326 Et, St."
Hashim Levy,010-6444-8259,interdum.sed@hotmail.couk,574-6298 Arcu. St.
Harriet Larson,012-5458-0213,pellentesque.ut.ipsum@icloud.net,990-7160 Viverra. Street
Marshall Moody,010-7312-5054,arcu@outlook.org,424-4138 Gravida Ave
Gareth Wells,012-4695-9435,sem.semper@google.couk,256-729 Massa. Road
Halla Houston,010-9362-1046,nonummy.ultricies@google.net,Ap #877-4829 Sem Street
Deirdre Cohen,010-0132-4428,a.feugiat@protonmail.net,"Ap #224-1169 Leo, Road"
Yardley Richmond,010-5751-4966,adipiscing.elit.etiam@google.net,Ap #345-2848 Feugiat Road
Lacy Holloway,010-6787-7512,amet.ante@outlook.edu,Ap #669-1925 Scelerisque Rd.
Alika Cantu,010-1582-1186,enim.gravida@google.edu,252-6925 Accumsan Ave
Reed Raymond,010-4684-9911,euismod.et@google.net,"Ap #698-151 Dolor, Av."
Hermione Silva,012-4343-2124,interdum.curabitur@icloud.edu,Ap #811-7681 Libero. Street
Barclay Kent,012-5843-7632,sed.congue@hotmail.net,"P.O. Box 449, 882 Gravida. Rd."
Dylan Walker,010-8557-5666,dis.parturient@yahoo.net,547-4776 Eleifend Avenue
Blaze Franklin,012-1297-1615,augue.malesuada@protonmail.ca,541-9007 Venenatis St.
Reagan Cotton,012-7270-3016,accumsan.laoreet@protonmail.ca,980-8530 Sed Avenue
Harriet Morin,010-1323-4979,tortor.dictum@yahoo.ca,"P.O. Box 976, 5264 Lobortis Rd."
Leilani Welch,012-2304-5277,rhoncus@hotmail.net,449-9676 Elit. Ave
Indira Joyner,010-1433-6446,duis.gravida.praesent@yahoo.ca,570-2001 Nibh St.
Mollie Cantu,010-8385-1887,proin.vel@aol.net,4294 Felis Av.
Hashim Palmer,010-6677-9185,nibh.dolor@protonmail.com,139-7493 At Road
Vance Diaz,012-6506-3761,tortor.at@google.edu,935-5115 Gravida. Avenue
Simone O'brien,012-4357-0436,morbi.tristique@hotmail.net,317-1837 Nec Road
Yoko Mcintyre,012-1830-1727,aliquet.odio@icloud.net,807-3202 Vitae St.
Skyler Curry,012-3566-6722,non.enim@icloud.com,131 Nullam St.
Alyssa Bullock,010-5310-9702,amet@icloud.org,Ap #668-2438 Tincidunt Rd.
Gloria Ferguson,010-0114-4530,ultrices.posuere@outlook.ca,"P.O. Box 599, 7985 Odio Rd."
Alan Holder,010-4312-1471,nunc.ut@aol.org,452-1570 Quisque Av.
Malachi Ross,012-7643-2463,suspendisse@aol.edu,Ap #761-4142 Nullam St.
Jenna Salazar,012-8687-5767,adipiscing@google.edu,5221 Adipiscing St.
Oprah Bates,012-1628-5768,urna.suscipit@google.org,554-4353 Mauris Avenue
Tatiana Summers,010-2883-5322,nunc@google.edu,3238 Ac Road
Kareem Floyd,010-5621-2158,consectetuer.adipiscing.elit@icloud.couk,"P.O. Box 206, 6251 Tristique Av."
Nicole Peck,012-0740-8464,pellentesque.ut.ipsum@outlook.com,1055 Sodales St.
Zeph Shepard,010-1129-6011,in.tincidunt@yahoo.net,"Ap #546-7403 Tempus, Avenue"
Hilda Peck,010-3751-2314,amet.consectetuer@hotmail.couk,"P.O. Box 477, 518 Nullam Street"
Beck Herrera,012-1234-7296,faucibus.orci@google.edu,4756 Dictum. St.
Bianca Barker,012-5889-4455,mollis.dui.in@google.couk,7451 Magnis St.
Duncan Rush,012-1335-5814,convallis.est@icloud.couk,980-3664 Consequat Av.
Philip Rios,010-4287-4141,id.blandit@aol.com,754-901 Nec St.
Magee Poole,010-8205-8986,morbi.metus.vivamus@aol.edu,947-4509 Fusce Av.
Wilma Stephens,012-3063-1671,aenean@google.com,684-1211 Nibh Rd.
Amelia Farley,012-6785-6539,magnis.dis@google.edu,Ap #378-1888 Cursus Rd.
Chiquita Valenzuela,010-8781-3536,scelerisque.mollis@protonmail.edu,"P.O. Box 971, 5711 Rutrum Ave"
Davis Malone,010-1813-1912,massa.vestibulum@aol.org,907-6881 Magnis St.
Colleen Huff,010-3477-8028,non.bibendum@yahoo.couk,Ap #836-4539 Sed Avenue
Shelly Dejesus,010-5837-6659,quisque.varius.nam@outlook.ca,"241-994 Ac, Ave"
Angela Saunders,010-7510-1696,nulla.tempor.augue@protonmail.ca,Ap #144-3575 Hendrerit. St.
Lucy Little,012-1480-3565,quis.diam@yahoo.ca,977-8078 Lectus St.
Azalia Deleon,012-5868-6827,per@aol.org,7995 Proin Av.
Ezekiel Thornton,010-2682-5831,nec.enim@hotmail.edu,"812 Nostra, Road"
Drake Joyce,010-6211-1787,nunc@icloud.net,Ap #901-6498 Iaculis Avenue
Lucas Chandler,012-4358-1911,non.justo.proin@outlook.com,Ap #460-9233 Cras Ave
Felicia Daugherty,012-8584-6248,eget.mollis@aol.couk,"P.O. Box 784, 4360 Donec Rd."
Ila Ayers,010-9212-3779,aliquam@yahoo.edu,6249 Posuere Rd.
Derek Kent,010-3303-3079,vel.venenatis@protonmail.com,"4833 Amet, Road"
Michael Merrill,010-5472-8865,purus.nullam@yahoo.com,Ap #929-5921 Integer Rd.
Shafira Bass,010-3677-4619,sit@aol.org,8879 Risus. Ave
Astra Petersen,012-7430-9888,diam.sed.diam@hotmail.com,Ap #440-820 Facilisis Street
Harriet Sherman,012-4825-5367,imperdiet.ornare@google.net,"390-6195 Tincidunt, Avenue"
Felix Christensen,010-0441-8217,fringilla.est@yahoo.ca,5457 Ac Av.
Guy Goodman,010-6788-4287,fusce@hotmail.ca,415-703 Elit St.
Meredith Orr,012-4367-8467,sociosqu.ad@protonmail.edu,Ap #588-1370 Rutrum Avenue
Patrick Slater,012-8626-6377,eu.metus@icloud.edu,"P.O. Box 337, 8885 Et Avenue"
Tasha Bray,012-4554-4561,sed.consequat@hotmail.edu,965 Parturient Av.
Rashad Robinson,010-3612-1417,aliquet.diam@protonmail.edu,159-4199 Eu Av.
Morgan Lowery,012-9251-7344,cursus.et@google.org,Ap #610-1746 Natoque Rd.
Marah Sherman,012-9298-2173,pede.suspendisse@icloud.edu,Ap #519-5523 Tempus Rd.
Tiger Gilbert,012-6062-4812,non.sollicitudin.a@protonmail.net,Ap #597-6781 Nec St.
Walter Fischer,012-6325-3143,arcu.morbi.sit@hotmail.net,566-5024 Sapien. St.
Quinn Talley,010-1228-4732,ut.tincidunt.vehicula@icloud.net,"P.O. Box 863, 1460 Risus. Av."
Alexander Delgado,010-8843-8269,arcu.sed.eu@aol.org,"P.O. Box 874, 8901 Hendrerit Avenue"
Ulysses Brock,012-1385-3463,mollis.non@protonmail.com,Ap #661-6932 Urna St.
Akeem Rodriquez,012-9431-8188,lorem.auctor@protonmail.ca,"173-6466 Non, St."
Chandler Olson,012-5813-2838,duis.risus@aol.org,800-2369 Et Av.
Abigail Cash,010-4455-3583,molestie.sed@outlook.org,5854 Vel St.
Sage Payne,012-1258-5764,in.lobortis@google.net,"P.O. Box 130, 5285 Euismod Avenue"
Lila Shepard,010-3373-8285,at.pede.cras@google.ca,Ap #343-8217 Fusce Avenue
Kennedy Shelton,010-2775-9534,etiam.bibendum@aol.edu,Ap #486-7621 Nec Rd.
Aidan Strickland,012-8087-4207,aliquam@google.ca,795-3162 Netus St.
Derek Mcfarland,010-9834-7867,diam@aol.net,205-5467 Donec Road
Hiram Skinner,012-6386-8256,adipiscing.fringilla.porttitor@google.ca,Ap #197-8610 Odio Rd.
Reagan Yates,010-4771-3165,nulla.cras@outlook.com,932-2642 Sit Road
Neville Long,010-2757-2752,nunc.ullamcorper@icloud.com,"P.O. Box 611, 8667 Fringilla Av."
Kibo West,012-1233-8305,est@aol.ca,Ap #174-9301 Pede Av.
